timestamp,activeOrders, sells,buys, digest

Mon Mar 09 22:11:03 GMT 2015 , 2 , 2 , 0 , 3187068 : { sell 1.5@0.00349503} 3187065 : { sell 1.5@0.00349503} 
Mon Mar 09 22:13:13 GMT 2015 , 2 , 2 , 0 , 3187102 : { sell 1.5@0.0034954} 3187098 : { sell 1.5@0.0034954} 
Mon Mar 09 22:15:23 GMT 2015 , 2 , 2 , 0 , 3187129 : { sell 1.5@0.0034954} 3187124 : { sell 1.5@0.0034954} 
Mon Mar 09 22:17:33 GMT 2015 , 2 , 2 , 0 , 3187129 : { sell 1.5@0.0034954} 3187124 : { sell 1.5@0.0034954} 
Mon Mar 09 22:19:43 GMT 2015 , 2 , 2 , 0 , 3187162 : { sell 1.5@0.00349637} 3187156 : { sell 1.5@0.00349637} 
Mon Mar 09 22:21:53 GMT 2015 , 2 , 2 , 0 , 3187195 : { sell 1.5@0.00349528} 3187187 : { sell 1.5@0.00349528} 
Mon Mar 09 22:26:13 GMT 2015 , 2 , 2 , 0 , 3187225 : { sell 1.5@0.00349516} 3187217 : { sell 1.5@0.00349516} 
Mon Mar 09 22:28:23 GMT 2015 , 2 , 2 , 0 , 3187255 : { sell 1.5@0.00349637} 3187244 : { sell 1.5@0.00349637} 
Mon Mar 09 22:30:33 GMT 2015 , 2 , 2 , 0 , 3187280 : { sell 1.5@0.00349637} 3187276 : { sell 1.5@0.00349637} 
Mon Mar 09 22:32:43 GMT 2015 , 2 , 2 , 0 , 3187280 : { sell 1.5@0.00349637} 3187276 : { sell 1.5@0.00349637} 
Mon Mar 09 22:34:53 GMT 2015 , 2 , 2 , 0 , 3187311 : { sell 1.5@0.00349637} 3187305 : { sell 1.5@0.00349637} 
Mon Mar 09 22:37:03 GMT 2015 , 2 , 2 , 0 , 3187345 : { sell 1.5@0.00349734} 3187338 : { sell 1.5@0.00349734} 
Mon Mar 09 22:41:23 GMT 2015 , 2 , 2 , 0 , 3187377 : { sell 1.5@0.00349734} 3187367 : { sell 1.5@0.00349734} 
Mon Mar 09 22:43:33 GMT 2015 , 2 , 2 , 0 , 3187400 : { sell 1.5@0.00351874} 3187395 : { sell 1.5@0.00351874} 
Mon Mar 09 22:45:43 GMT 2015 , 2 , 2 , 0 , 3187429 : { sell 1.5@0.00351333} 3187425 : { sell 1.5@0.00351333} 
Mon Mar 09 22:47:53 GMT 2015 , 2 , 2 , 0 , 3187429 : { sell 1.5@0.00351333} 3187425 : { sell 1.5@0.00351333} 
Mon Mar 09 22:50:03 GMT 2015 , 2 , 2 , 0 , 3187462 : { sell 1.5@0.00351333} 3187456 : { sell 1.5@0.00351333} 
Mon Mar 09 22:52:13 GMT 2015 , 2 , 2 , 0 , 3187496 : { sell 1.5@0.0034839} 3187494 : { sell 1.5@0.0034839} 
Mon Mar 09 22:56:33 GMT 2015 , 2 , 0 , 2 , 3187532 : { buy 1.616676@0.00342953} 3187529 : { buy 2.525043@0.00342953} 
Mon Mar 09 22:58:43 GMT 2015 , 2 , 0 , 2 , 3187559 : { buy 1.596071@0.00347913} 3187552 : { buy 2.489045@0.00347913} 
Mon Mar 09 23:00:53 GMT 2015 , 2 , 0 , 2 , 3187592 : { buy 1.585486@0.00347402} 3187584 : { buy 2.492706@0.00347402} 
Mon Mar 09 23:05:13 GMT 2015 , 2 , 0 , 2 , 3187628 : { buy 1.584153@0.00347986} 3187617 : { buy 2.488523@0.00347986} 
Mon Mar 09 23:07:23 GMT 2015 , 2 , 0 , 2 , 3187653 : { buy 1.582633@0.00347986} 3187647 : { buy 2.488523@0.00347986} 
Mon Mar 09 23:09:33 GMT 2015 , 2 , 0 , 2 , 3187682 : { buy 1.589452@0.00346493} 3187680 : { buy 2.499245@0.00346493} 
Mon Mar 09 23:11:43 GMT 2015 , 2 , 0 , 2 , 3187682 : { buy 1.589452@0.00346493} 3187680 : { buy 2.499245@0.00346493} 
Mon Mar 09 23:13:53 GMT 2015 , 2 , 0 , 2 , 3187729 : { buy 1.591965@0.00346796} 3187718 : { buy 2.497062@0.00346796} 
Mon Mar 09 23:16:03 GMT 2015 , 2 , 0 , 2 , 3187757 : { buy 1.58884@0.00347305} 3187749 : { buy 2.493402@0.00347305} 
Mon Mar 09 23:20:23 GMT 2015 , 2 , 0 , 2 , 3187786 : { buy 1.588073@0.00347183} 3187782 : { buy 2.494278@0.00347183} 
Mon Mar 09 23:22:33 GMT 2015 , 2 , 0 , 2 , 3187827 : { buy 1.588328@0.00347196} 3187818 : { buy 2.494185@0.00347196} 
Mon Mar 09 23:24:43 GMT 2015 , 2 , 0 , 2 , 3187859 : { buy 1.590245@0.00346771} 3187850 : { buy 2.497242@0.00346771} 
Mon Mar 09 23:26:53 GMT 2015 , 2 , 0 , 2 , 3187859 : { buy 1.590245@0.00346771} 3187850 : { buy 2.497242@0.00346771} 
Mon Mar 09 23:29:03 GMT 2015 , 2 , 0 , 2 , 3187887 : { buy 1.590628@0.00346929} 3187883 : { buy 2.496104@0.00346929} 
Mon Mar 09 23:31:13 GMT 2015 , 2 , 0 , 2 , 3187920 : { buy 1.590216@0.00346929} 3187914 : { buy 2.496104@0.00346929} 
Mon Mar 09 23:33:23 GMT 2015 , 2 , 0 , 2 , 3187956 : { buy 1.593661@0.00346179} 3187947 : { buy 2.501512@0.00346179} 
Mon Mar 09 23:35:33 GMT 2015 , 2 , 0 , 2 , 3187956 : { buy 1.593661@0.00346179} 3187947 : { buy 2.501512@0.00346179} 
Mon Mar 09 23:37:43 GMT 2015 , 2 , 0 , 2 , 3187985 : { buy 1.596397@0.00346011} 3187979 : { buy 2.502727@0.00346011} 
Mon Mar 09 23:39:53 GMT 2015 , 2 , 0 , 2 , 3188018 : { buy 1.596839@0.00346011} 3188013 : { buy 2.502727@0.00346011} 
Mon Mar 09 23:44:13 GMT 2015 , 2 , 0 , 2 , 3188051 : { buy 1.59612@0.00346167} 3188045 : { buy 2.501599@0.00346167} 
Mon Mar 09 23:46:23 GMT 2015 , 2 , 0 , 2 , 3188089 : { buy 1.595428@0.00346228} 3188080 : { buy 2.501158@0.00346228} 
Mon Mar 09 23:48:33 GMT 2015 , 2 , 0 , 2 , 3188120 : { buy 1.59527@0.00346228} 3188110 : { buy 2.501158@0.00346228} 
Mon Mar 09 23:50:43 GMT 2015 , 2 , 0 , 2 , 3188120 : { buy 1.59527@0.00346228} 3188110 : { buy 2.501158@0.00346228} 
Mon Mar 09 23:52:53 GMT 2015 , 2 , 0 , 2 , 3188146 : { buy 1.596884@0.00345878} 3188142 : { buy 2.503689@0.00345878} 
Mon Mar 09 23:55:03 GMT 2015 , 2 , 0 , 2 , 3188183 : { buy 1.5978@0.00345878} 3188174 : { buy 2.503689@0.00345878} 
Mon Mar 09 23:59:23 GMT 2015 , 2 , 0 , 2 , 3188214 : { buy 1.596522@0.00346155} 3188206 : { buy 2.501686@0.00346155} 
Tue Mar 10 00:01:33 GMT 2015 , 2 , 0 , 2 , 3188247 : { buy 1.596576@0.00345986} 3188240 : { buy 2.502908@0.00345986} 
Tue Mar 10 00:03:43 GMT 2015 , 2 , 0 , 2 , 3188284 : { buy 1.596848@0.00346023} 3188272 : { buy 2.50264@0.00346023} 
Tue Mar 10 00:05:53 GMT 2015 , 2 , 0 , 2 , 3188284 : { buy 1.596848@0.00346023} 3188272 : { buy 2.50264@0.00346023} 
Tue Mar 10 00:08:03 GMT 2015 , 2 , 0 , 2 , 3188319 : { buy 1.596755@0.00346023} 3188307 : { buy 2.50264@0.00346023} 
Tue Mar 10 00:10:13 GMT 2015 , 2 , 0 , 2 , 3188353 : { buy 1.59192@0.00347074} 3188342 : { buy 2.495062@0.00347074} 
Tue Mar 10 00:12:23 GMT 2015 , 2 , 0 , 2 , 3188389 : { buy 1.589171@0.00347074} 3188377 : { buy 2.495062@0.00347074} 
Tue Mar 10 00:14:33 GMT 2015 , 2 , 0 , 2 , 3188389 : { buy 1.589171@0.00347074} 3188377 : { buy 2.495062@0.00347074} 
Tue Mar 10 00:16:43 GMT 2015 , 2 , 0 , 2 , 3188413 : { buy 1.5945@0.00345914} 3188410 : { buy 2.503429@0.00345914} 
Tue Mar 10 00:18:53 GMT 2015 , 2 , 0 , 2 , 3188454 : { buy 1.596983@0.00346035} 3188444 : { buy 2.502553@0.00346035} 
Tue Mar 10 00:23:13 GMT 2015 , 2 , 0 , 2 , 3188481 : { buy 1.596554@0.00346059} 3188474 : { buy 2.50238@0.00346059} 
Tue Mar 10 00:25:23 GMT 2015 , 2 , 0 , 2 , 3188519 : { buy 1.596491@0.00346059} 3188508 : { buy 2.50238@0.00346059} 
Tue Mar 10 00:27:33 GMT 2015 , 2 , 0 , 2 , 3188551 : { buy 1.587317@0.00348059} 3188541 : { buy 2.488001@0.00348059} 
Tue Mar 10 00:29:43 GMT 2015 , 2 , 0 , 2 , 3188551 : { buy 1.587317@0.00348059} 3188541 : { buy 2.488001@0.00348059} 
Tue Mar 10 00:31:53 GMT 2015 , 2 , 0 , 2 , 3188581 : { buy 1.582114@0.00348059} 3188576 : { buy 2.488001@0.00348059} 
Tue Mar 10 00:34:03 GMT 2015 , 2 , 0 , 2 , 3188623 : { buy 1.584997@0.00347426} 3188612 : { buy 2.492534@0.00347426} 
Tue Mar 10 00:38:23 GMT 2015 , 2 , 0 , 2 , 3188651 : { buy 1.590143@0.00346662} 3188646 : { buy 2.498027@0.00346662} 
Tue Mar 10 00:40:33 GMT 2015 , 2 , 0 , 2 , 3188688 : { buy 1.59719@0.00345565} 3188683 : { buy 2.505957@0.00345565} 
Tue Mar 10 00:42:43 GMT 2015 , 2 , 0 , 2 , 3188724 : { buy 1.602685@0.00345001} 3188717 : { buy 2.510054@0.00345001} 
Tue Mar 10 00:44:53 GMT 2015 , 2 , 0 , 2 , 3188724 : { buy 1.602685@0.00345001} 3188717 : { buy 2.510054@0.00345001} 
Tue Mar 10 00:47:03 GMT 2015 , 2 , 0 , 2 , 3188753 : { buy 1.597535@0.00346433} 3188750 : { buy 2.499678@0.00346433} 
Tue Mar 10 00:49:13 GMT 2015 , 2 , 0 , 2 , 3188797 : { buy 1.600463@0.00344989} 3188786 : { buy 2.510141@0.00344989} 
Tue Mar 10 00:51:23 GMT 2015 , 2 , 0 , 2 , 3188827 : { buy 1.604198@0.00345001} 3188819 : { buy 2.510054@0.00345001} 
Tue Mar 10 00:53:33 GMT 2015 , 2 , 0 , 2 , 3188827 : { buy 1.604198@0.00345001} 3188819 : { buy 2.510054@0.00345001} 
Tue Mar 10 00:55:43 GMT 2015 , 2 , 0 , 2 , 3188855 : { buy 1.604166@0.00345001} 3188851 : { buy 2.510054@0.00345001} 
Tue Mar 10 00:57:53 GMT 2015 , 2 , 0 , 2 , 3188899 : { buy 1.604166@0.00345001} 3188887 : { buy 2.510054@0.00345001} 
Tue Mar 10 01:02:13 GMT 2015 , 2 , 0 , 2 , 3188932 : { buy 1.604166@0.00345001} 3188921 : { buy 2.510054@0.00345001} 
Tue Mar 10 01:04:23 GMT 2015 , 2 , 0 , 2 , 3188961 : { buy 1.601437@0.00345589} 3188955 : { buy 2.505783@0.00345589} 
Tue Mar 10 01:06:33 GMT 2015 , 2 , 0 , 2 , 3188999 : { buy 1.597279@0.00346155} 3188990 : { buy 2.501686@0.00346155} 
Tue Mar 10 01:08:43 GMT 2015 , 2 , 0 , 2 , 3188999 : { buy 1.597279@0.00346155} 3188990 : { buy 2.501686@0.00346155} 
Tue Mar 10 01:10:53 GMT 2015 , 2 , 0 , 2 , 3189034 : { buy 1.595797@0.00346155} 3189024 : { buy 2.501686@0.00346155} 
Tue Mar 10 01:13:03 GMT 2015 , 2 , 0 , 2 , 3189068 : { buy 1.597352@0.00345818} 3189059 : { buy 2.504124@0.00345818} 
Tue Mar 10 01:17:23 GMT 2015 , 2 , 0 , 2 , 3189101 : { buy 1.598237@0.00345818} 3189093 : { buy 2.504124@0.00345818} 
Tue Mar 10 01:19:33 GMT 2015 , 2 , 0 , 2 , 3189137 : { buy 1.601409@0.00345133} 3189128 : { buy 2.509094@0.00345133} 
Tue Mar 10 01:21:43 GMT 2015 , 2 , 0 , 2 , 3189169 : { buy 1.603205@0.00345133} 3189162 : { buy 2.509094@0.00345133} 
Tue Mar 10 01:23:53 GMT 2015 , 2 , 0 , 2 , 3189169 : { buy 1.603205@0.00345133} 3189162 : { buy 2.509094@0.00345133} 
Tue Mar 10 01:26:03 GMT 2015 , 2 , 0 , 2 , 3189202 : { buy 1.603205@0.00345133} 3189195 : { buy 2.509094@0.00345133} 
Tue Mar 10 01:28:13 GMT 2015 , 2 , 0 , 2 , 3189241 : { buy 1.603205@0.00345133} 3189231 : { buy 2.509094@0.00345133} 
Tue Mar 10 01:30:23 GMT 2015 , 2 , 0 , 2 , 3189272 : { buy 1.603205@0.00345133} 3189265 : { buy 2.509094@0.00345133} 
Tue Mar 10 01:32:33 GMT 2015 , 2 , 0 , 2 , 3189272 : { buy 1.603205@0.00345133} 3189265 : { buy 2.509094@0.00345133} 
Tue Mar 10 01:34:43 GMT 2015 , 2 , 0 , 2 , 3189299 : { buy 1.603707@0.00345025} 3189295 : { buy 2.509879@0.00345025} 
Tue Mar 10 01:36:53 GMT 2015 , 2 , 0 , 2 , 3189343 : { buy 1.603988@0.00345025} 3189330 : { buy 2.509879@0.00345025} 
Tue Mar 10 01:41:13 GMT 2015 , 2 , 0 , 2 , 3189377 : { buy 1.603932@0.00345037} 3189365 : { buy 2.509792@0.00345037} 
Tue Mar 10 01:43:23 GMT 2015 , 2 , 0 , 2 , 3189400 : { buy 1.6039@0.00345037} 3189397 : { buy 2.509792@0.00345037} 
Tue Mar 10 01:45:33 GMT 2015 , 2 , 0 , 2 , 3189440 : { buy 1.603956@0.00345025} 3189433 : { buy 2.509879@0.00345025} 
Tue Mar 10 01:47:43 GMT 2015 , 2 , 0 , 2 , 3189440 : { buy 1.603956@0.00345025} 3189433 : { buy 2.509879@0.00345025} 
Tue Mar 10 01:49:53 GMT 2015 , 2 , 0 , 2 , 3189475 : { buy 1.603988@0.00345025} 3189467 : { buy 2.509879@0.00345025} 
Tue Mar 10 01:52:03 GMT 2015 , 2 , 0 , 2 , 3189514 : { buy 1.602428@0.00345361} 3189505 : { buy 2.507437@0.00345361} 
Tue Mar 10 01:56:23 GMT 2015 , 2 , 0 , 2 , 3189544 : { buy 1.601547@0.00345361} 3189535 : { buy 2.507437@0.00345361} 
Tue Mar 10 01:58:33 GMT 2015 , 2 , 0 , 2 , 3189572 : { buy 1.601547@0.00345361} 3189569 : { buy 2.507437@0.00345361} 
Tue Mar 10 02:00:43 GMT 2015 , 2 , 0 , 2 , 3189615 : { buy 1.601547@0.00345361} 3189606 : { buy 2.507437@0.00345361} 
Tue Mar 10 02:02:53 GMT 2015 , 2 , 0 , 2 , 3189615 : { buy 1.601547@0.00345361} 3189606 : { buy 2.507437@0.00345361} 
Tue Mar 10 02:05:03 GMT 2015 , 2 , 0 , 2 , 3189652 : { buy 1.602773@0.00345097} 3189642 : { buy 2.509355@0.00345097} 
Tue Mar 10 02:07:13 GMT 2015 , 2 , 0 , 2 , 3189686 : { buy 1.603465@0.00345097} 3189676 : { buy 2.509355@0.00345097} 
Tue Mar 10 02:09:23 GMT 2015 , 2 , 0 , 2 , 3189713 : { buy 1.604079@0.00344965} 3189708 : { buy 2.510316@0.00344965} 
Tue Mar 10 02:11:33 GMT 2015 , 2 , 0 , 2 , 3189713 : { buy 1.604079@0.00344965} 3189708 : { buy 2.510316@0.00344965} 
Tue Mar 10 02:13:43 GMT 2015 , 2 , 0 , 2 , 3189750 : { buy 1.604427@0.00344965} 3189743 : { buy 2.510316@0.00344965} 
Tue Mar 10 02:15:53 GMT 2015 , 2 , 0 , 2 , 3189780 : { buy 1.604427@0.00344965} 3189775 : { buy 2.510316@0.00344965} 
Tue Mar 10 02:20:13 GMT 2015 , 2 , 0 , 2 , 3189813 : { buy 1.604315@0.00344989} 3189808 : { buy 2.510141@0.00344989} 
Tue Mar 10 02:22:23 GMT 2015 , 2 , 0 , 2 , 3189850 : { buy 1.60431@0.00344977} 3189842 : { buy 2.510228@0.00344977} 
Tue Mar 10 02:24:33 GMT 2015 , 2 , 0 , 2 , 3189883 : { buy 1.604339@0.00344977} 3189876 : { buy 2.510228@0.00344977} 
Tue Mar 10 02:26:43 GMT 2015 , 2 , 0 , 2 , 3189883 : { buy 1.604339@0.00344977} 3189876 : { buy 2.510228@0.00344977} 
Tue Mar 10 02:28:53 GMT 2015 , 2 , 0 , 2 , 3189919 : { buy 1.604339@0.00344977} 3189912 : { buy 2.510228@0.00344977} 
Tue Mar 10 02:31:03 GMT 2015 , 2 , 0 , 2 , 3189951 : { buy 1.609962@0.00343772} 3189947 : { buy 2.519027@0.00343772} 
Tue Mar 10 02:35:23 GMT 2015 , 2 , 0 , 2 , 3189996 : { buy 1.613139@0.00343772} 3189986 : { buy 2.519027@0.00343772} 
Tue Mar 10 02:37:33 GMT 2015 , 2 , 0 , 2 , 3190029 : { buy 1.614313@0.00343522} 3190018 : { buy 2.52086@0.00343522} 
Tue Mar 10 02:39:43 GMT 2015 , 2 , 0 , 2 , 3190057 : { buy 1.618878@0.00342693} 3190052 : { buy 2.526959@0.00342693} 
Tue Mar 10 02:41:53 GMT 2015 , 2 , 0 , 2 , 3190057 : { buy 1.618878@0.00342693} 3190052 : { buy 2.526959@0.00342693} 
Tue Mar 10 02:44:03 GMT 2015 , 2 , 0 , 2 , 3190094 : { buy 1.621519@0.00342598} 3190084 : { buy 2.527659@0.00342598} 
Tue Mar 10 02:46:13 GMT 2015 , 2 , 0 , 2 , 3190131 : { buy 1.621772@0.00342598} 3190120 : { buy 2.527659@0.00342598} 
Tue Mar 10 02:48:23 GMT 2015 , 2 , 0 , 2 , 3190158 : { buy 1.62837@0.0034121} 3190154 : { buy 2.537941@0.0034121} 
Tue Mar 10 02:50:33 GMT 2015 , 2 , 0 , 2 , 3190158 : { buy 1.62837@0.0034121} 3190154 : { buy 2.537941@0.0034121} 
Tue Mar 10 02:52:43 GMT 2015 , 2 , 0 , 2 , 3190195 : { buy 1.632054@0.0034121} 3190189 : { buy 2.537941@0.0034121} 
Tue Mar 10 02:54:53 GMT 2015 , 2 , 0 , 2 , 3190237 : { buy 1.632838@0.00341046} 3190226 : { buy 2.539162@0.00341046} 
Tue Mar 10 02:59:13 GMT 2015 , 2 , 0 , 2 , 3190265 : { buy 1.637144@0.0034024} 3190259 : { buy 2.545177@0.0034024} 
Tue Mar 10 03:01:23 GMT 2015 , 2 , 0 , 2 , 3190302 : { buy 1.63929@0.0034024} 3190294 : { buy 2.545177@0.0034024} 
Tue Mar 10 03:03:33 GMT 2015 , 2 , 0 , 2 , 3190332 : { buy 1.645689@0.00338917} 3190327 : { buy 2.555112@0.00338917} 
Tue Mar 10 03:05:43 GMT 2015 , 2 , 0 , 2 , 3190332 : { buy 1.645689@0.00338917} 3190327 : { buy 2.555112@0.00338917} 
Tue Mar 10 03:07:53 GMT 2015 , 2 , 0 , 2 , 3190373 : { buy 1.649224@0.00338917} 3190365 : { buy 2.555112@0.00338917} 
Tue Mar 10 03:10:03 GMT 2015 , 2 , 0 , 2 , 3190404 : { buy 1.650125@0.00338732} 3190397 : { buy 2.556508@0.00338732} 
Tue Mar 10 03:14:23 GMT 2015 , 2 , 0 , 2 , 3190440 : { buy 1.652875@0.0033827} 3190431 : { buy 2.559999@0.0033827} 
Tue Mar 10 03:16:33 GMT 2015 , 2 , 0 , 2 , 3190473 : { buy 1.655799@0.00337925} 3190465 : { buy 2.562613@0.00337925} 
Tue Mar 10 03:18:43 GMT 2015 , 2 , 0 , 2 , 3190505 : { buy 1.656726@0.00337925} 3190499 : { buy 2.562613@0.00337925} 
Tue Mar 10 03:20:53 GMT 2015 , 2 , 0 , 2 , 3190505 : { buy 1.656726@0.00337925} 3190499 : { buy 2.562613@0.00337925} 
Tue Mar 10 03:23:03 GMT 2015 , 2 , 0 , 2 , 3190537 : { buy 1.655315@0.00338213} 3190533 : { buy 2.560431@0.00338213} 
Tue Mar 10 03:25:13 GMT 2015 , 2 , 0 , 2 , 3190576 : { buy 1.644802@0.00340216} 3190565 : { buy 2.545356@0.00340216} 
Tue Mar 10 03:27:23 GMT 2015 , 2 , 0 , 2 , 3190608 : { buy 1.639467@0.00340216} 3190599 : { buy 2.545356@0.00340216} 
Tue Mar 10 03:29:33 GMT 2015 , 2 , 0 , 2 , 3190608 : { buy 1.639467@0.00340216} 3190599 : { buy 2.545356@0.00340216} 
Tue Mar 10 03:31:43 GMT 2015 , 2 , 0 , 2 , 3190638 : { buy 1.639352@0.0034024} 3190632 : { buy 2.545177@0.0034024} 
Tue Mar 10 03:33:53 GMT 2015 , 2 , 0 , 2 , 3190672 : { buy 1.63929@0.0034024} 3190668 : { buy 2.545177@0.0034024} 
Tue Mar 10 03:38:13 GMT 2015 , 2 , 0 , 2 , 3190714 : { buy 1.63929@0.0034024} 3190704 : { buy 2.545177@0.0034024} 
Tue Mar 10 03:40:23 GMT 2015 , 2 , 0 , 2 , 3190748 : { buy 1.639459@0.00340205} 3190739 : { buy 2.545439@0.00340205} 
Tue Mar 10 03:42:33 GMT 2015 , 2 , 0 , 2 , 3190780 : { buy 1.63955@0.00340205} 3190773 : { buy 2.545439@0.00340205} 
Tue Mar 10 03:44:43 GMT 2015 , 2 , 0 , 2 , 3190780 : { buy 1.63955@0.00340205} 3190773 : { buy 2.545439@0.00340205} 
Tue Mar 10 03:46:53 GMT 2015 , 2 , 0 , 2 , 3190820 : { buy 1.636409@0.00340858} 3190809 : { buy 2.540562@0.00340858} 
Tue Mar 10 03:49:03 GMT 2015 , 2 , 0 , 2 , 3190854 : { buy 1.63456@0.00340882} 3190844 : { buy 2.540383@0.00340882} 
Tue Mar 10 03:53:23 GMT 2015 , 2 , 0 , 2 , 3190881 : { buy 1.636569@0.0034045} 3190875 : { buy 2.543607@0.0034045} 
Tue Mar 10 03:55:33 GMT 2015 , 2 , 0 , 2 , 3190917 : { buy 1.631945@0.00341655} 3190910 : { buy 2.534636@0.00341655} 
Tue Mar 10 03:57:43 GMT 2015 , 2 , 0 , 2 , 3190948 : { buy 1.628745@0.00341655} 3190944 : { buy 2.534636@0.00341655} 
Tue Mar 10 03:59:53 GMT 2015 , 2 , 0 , 2 , 3190948 : { buy 1.628745@0.00341655} 3190944 : { buy 2.534636@0.00341655} 
Tue Mar 10 04:02:03 GMT 2015 , 2 , 0 , 2 , 3190987 : { buy 1.624205@0.0034261} 3190978 : { buy 2.527571@0.0034261} 
Tue Mar 10 04:04:13 GMT 2015 , 2 , 0 , 2 , 3191015 : { buy 1.621684@0.0034261} 3191013 : { buy 2.527571@0.0034261} 
Tue Mar 10 04:06:23 GMT 2015 , 2 , 0 , 2 , 3191051 : { buy 1.621684@0.0034261} 3191046 : { buy 2.527571@0.0034261} 
Tue Mar 10 04:08:33 GMT 2015 , 2 , 0 , 2 , 3191051 : { buy 1.621684@0.0034261} 3191046 : { buy 2.527571@0.0034261} 
Tue Mar 10 04:10:43 GMT 2015 , 2 , 0 , 2 , 3191097 : { buy 1.621518@0.00342645} 3191085 : { buy 2.527313@0.00342645} 
Tue Mar 10 04:12:53 GMT 2015 , 2 , 0 , 2 , 3191124 : { buy 1.626904@0.00341491} 3191115 : { buy 2.535853@0.00341491} 
Tue Mar 10 04:17:13 GMT 2015 , 2 , 0 , 2 , 3191153 : { buy 1.626601@0.00342197} 3191145 : { buy 2.530621@0.00342197} 
Tue Mar 10 04:19:23 GMT 2015 , 2 , 0 , 2 , 3191184 : { buy 1.627702@0.00341573} 3191181 : { buy 2.535244@0.00341573} 
Tue Mar 10 04:21:33 GMT 2015 , 2 , 0 , 2 , 3191226 : { buy 1.628345@0.00341785} 3191217 : { buy 2.533672@0.00341785} 
Tue Mar 10 04:23:43 GMT 2015 , 2 , 0 , 2 , 3191226 : { buy 1.628345@0.00341785} 3191217 : { buy 2.533672@0.00341785} 
Tue Mar 10 04:25:53 GMT 2015 , 2 , 0 , 2 , 3191265 : { buy 1.632043@0.00340893} 3191252 : { buy 2.540301@0.00340893} 
Tue Mar 10 04:28:03 GMT 2015 , 2 , 0 , 2 , 3191293 : { buy 1.63194@0.00341409} 3191283 : { buy 2.536462@0.00341409} 
Tue Mar 10 04:32:23 GMT 2015 , 2 , 0 , 2 , 3191318 : { buy 1.630572@0.00341409} 3191316 : { buy 2.536462@0.00341409} 
Tue Mar 10 04:34:33 GMT 2015 , 2 , 0 , 2 , 3191356 : { buy 1.62833@0.00341879} 3191350 : { buy 2.532975@0.00341879} 
Tue Mar 10 04:36:43 GMT 2015 , 2 , 0 , 2 , 3191385 : { buy 1.627254@0.00341844} 3191380 : { buy 2.533234@0.00341844} 
Tue Mar 10 04:38:53 GMT 2015 , 2 , 0 , 2 , 3191385 : { buy 1.627254@0.00341844} 3191380 : { buy 2.533234@0.00341844} 
Tue Mar 10 04:41:03 GMT 2015 , 2 , 0 , 2 , 3191420 : { buy 1.627348@0.00341844} 3191415 : { buy 2.533234@0.00341844} 
Tue Mar 10 04:43:13 GMT 2015 , 2 , 0 , 2 , 3191461 : { buy 1.619903@0.00343415} 3191453 : { buy 2.521646@0.00343415} 
Tue Mar 10 04:45:23 GMT 2015 , 2 , 0 , 2 , 3191495 : { buy 1.616594@0.00343237} 3191486 : { buy 2.522954@0.00343237} 
Tue Mar 10 04:47:33 GMT 2015 , 2 , 0 , 2 , 3191495 : { buy 1.616594@0.00343237} 3191486 : { buy 2.522954@0.00343237} 
Tue Mar 10 04:49:43 GMT 2015 , 2 , 0 , 2 , 3191523 : { buy 1.620524@0.00342504} 3191519 : { buy 2.528353@0.00342504} 
Tue Mar 10 04:51:53 GMT 2015 , 2 , 0 , 2 , 3191558 : { buy 1.633209@0.00340251} 3191555 : { buy 2.545095@0.00340251} 
Tue Mar 10 04:56:13 GMT 2015 , 2 , 0 , 2 , 3191597 : { buy 1.638923@0.0034031} 3191590 : { buy 2.544653@0.0034031} 
Tue Mar 10 04:58:23 GMT 2015 , 2 , 0 , 2 , 3191636 : { buy 1.638768@0.0034031} 3191626 : { buy 2.544653@0.0034031} 
Tue Mar 10 05:00:33 GMT 2015 , 2 , 0 , 2 , 3191664 : { buy 1.639837@0.00340088} 3191658 : { buy 2.546314@0.00340088} 
Tue Mar 10 05:02:43 GMT 2015 , 2 , 0 , 2 , 3191664 : { buy 1.639837@0.00340088} 3191658 : { buy 2.546314@0.00340088} 
Tue Mar 10 05:04:53 GMT 2015 , 2 , 0 , 2 , 3191698 : { buy 1.644691@0.00339206} 3191692 : { buy 2.552935@0.00339206} 
Tue Mar 10 05:07:03 GMT 2015 , 2 , 0 , 2 , 3191736 : { buy 1.642659@0.00340112} 3191727 : { buy 2.546135@0.00340112} 
Tue Mar 10 05:11:23 GMT 2015 , 2 , 0 , 2 , 3191765 : { buy 1.640248@0.00340112} 3191760 : { buy 2.546135@0.00340112} 
Tue Mar 10 05:13:33 GMT 2015 , 2 , 0 , 2 , 3191805 : { buy 1.639294@0.0034031} 3191797 : { buy 2.544653@0.0034031} 
Tue Mar 10 05:15:43 GMT 2015 , 2 , 0 , 2 , 3191841 : { buy 1.638768@0.0034031} 3191835 : { buy 2.544653@0.0034031} 
Tue Mar 10 05:17:53 GMT 2015 , 2 , 0 , 2 , 3191841 : { buy 1.638768@0.0034031} 3191835 : { buy 2.544653@0.0034031} 
Tue Mar 10 05:20:03 GMT 2015 , 2 , 0 , 2 , 3191873 : { buy 1.640059@0.00340042} 3191869 : { buy 2.546659@0.00340042} 
Tue Mar 10 05:22:13 GMT 2015 , 2 , 0 , 2 , 3191912 : { buy 1.644202@0.00339333} 3191906 : { buy 2.55198@0.00339333} 
Tue Mar 10 05:24:23 GMT 2015 , 2 , 0 , 2 , 3191949 : { buy 1.64069@0.0034045} 3191940 : { buy 2.543607@0.0034045} 
Tue Mar 10 05:26:33 GMT 2015 , 2 , 0 , 2 , 3191949 : { buy 1.64069@0.0034045} 3191940 : { buy 2.543607@0.0034045} 
Tue Mar 10 05:28:43 GMT 2015 , 2 , 0 , 2 , 3191985 : { buy 1.641481@0.0033967} 3191973 : { buy 2.549448@0.0033967} 
Tue Mar 10 05:30:53 GMT 2015 , 2 , 0 , 2 , 3192018 : { buy 1.640021@0.00340403} 3192011 : { buy 2.543958@0.00340403} 
Tue Mar 10 05:35:13 GMT 2015 , 2 , 0 , 2 , 3192048 : { buy 1.63807@0.00340403} 3192043 : { buy 2.543958@0.00340403} 
Tue Mar 10 05:37:23 GMT 2015 , 2 , 0 , 2 , 3192093 : { buy 1.643177@0.00339345} 3192090 : { buy 2.55189@0.00339345} 
Tue Mar 10 05:39:33 GMT 2015 , 2 , 0 , 2 , 3192125 : { buy 1.646@0.00339345} 3192116 : { buy 2.55189@0.00339345} 
Tue Mar 10 05:41:43 GMT 2015 , 2 , 0 , 2 , 3192125 : { buy 1.646@0.00339345} 3192116 : { buy 2.55189@0.00339345} 
Tue Mar 10 05:43:53 GMT 2015 , 2 , 0 , 2 , 3192164 : { buy 1.645777@0.00339391} 3192162 : { buy 2.551544@0.00339391} 
Tue Mar 10 05:46:03 GMT 2015 , 2 , 0 , 2 , 3192194 : { buy 1.641547@0.0034024} 3192185 : { buy 2.545177@0.0034024} 
Tue Mar 10 05:50:23 GMT 2015 , 2 , 0 , 2 , 3192223 : { buy 1.63929@0.0034024} 3192210 : { buy 2.545177@0.0034024} 
Tue Mar 10 05:52:33 GMT 2015 , 2 , 0 , 2 , 3192251 : { buy 1.642041@0.0033967} 3192241 : { buy 2.549448@0.0033967} 
Tue Mar 10 05:54:43 GMT 2015 , 2 , 0 , 2 , 3192285 : { buy 1.639178@0.00340578} 3192276 : { buy 2.542651@0.00340578} 
Tue Mar 10 05:56:53 GMT 2015 , 2 , 0 , 2 , 3192285 : { buy 1.639178@0.00340578} 3192276 : { buy 2.542651@0.00340578} 
Tue Mar 10 05:59:03 GMT 2015 , 2 , 0 , 2 , 3192318 : { buy 1.641198@0.00339658} 3192310 : { buy 2.549538@0.00339658} 
Tue Mar 10 06:01:13 GMT 2015 , 2 , 0 , 2 , 3192352 : { buy 1.64365@0.00339658} 3192345 : { buy 2.549538@0.00339658} 
Tue Mar 10 06:05:33 GMT 2015 , 2 , 0 , 2 , 3192391 : { buy 1.64365@0.00339658} 3192381 : { buy 2.549538@0.00339658} 
Tue Mar 10 06:07:43 GMT 2015 , 2 , 0 , 2 , 3192425 : { buy 1.644885@0.00339403} 3192416 : { buy 2.551454@0.00339403} 
Tue Mar 10 06:09:53 GMT 2015 , 2 , 0 , 2 , 3192458 : { buy 1.642082@0.00340123} 3192448 : { buy 2.546052@0.00340123} 
Tue Mar 10 06:14:13 GMT 2015 , 2 , 0 , 2 , 3192487 : { buy 1.643589@0.00339414} 3192482 : { buy 2.551371@0.00339414} 
Tue Mar 10 06:16:23 GMT 2015 , 2 , 0 , 2 , 3192523 : { buy 1.645422@0.00339426} 3192516 : { buy 2.551281@0.00339426} 
Tue Mar 10 06:18:33 GMT 2015 , 2 , 0 , 2 , 3192558 : { buy 1.645393@0.00339426} 3192553 : { buy 2.551281@0.00339426} 
Tue Mar 10 06:20:43 GMT 2015 , 2 , 0 , 2 , 3192558 : { buy 1.645393@0.00339426} 3192553 : { buy 2.551281@0.00339426} 
Tue Mar 10 06:22:53 GMT 2015 , 2 , 0 , 2 , 3192594 : { buy 1.641963@0.00340135} 3192587 : { buy 2.545963@0.00340135} 
Tue Mar 10 06:25:03 GMT 2015 , 2 , 0 , 2 , 3192631 : { buy 1.638505@0.00340461} 3192623 : { buy 2.543525@0.00340461} 
Tue Mar 10 06:29:23 GMT 2015 , 2 , 0 , 2 , 3192667 : { buy 1.637914@0.00340403} 3192655 : { buy 2.543958@0.00340403} 
Tue Mar 10 06:31:33 GMT 2015 , 2 , 0 , 2 , 3192695 : { buy 1.63807@0.00340403} 3192689 : { buy 2.543958@0.00340403} 
